{
  "name": "cool950S",
  "vendorId": "0xFEED",
  "productId": "0x0000",
  "lighting": "qmk_rgblight",
  "matrix": { "rows": 8, "cols": 7 },
  "layouts": {
  "keymap": [
        [{"c":"#cf6767"},"0,0",
        {"x":0.5,"c":"#777777"},"0,1",
          {"c":"#cccccc"},"0,2",
            "0,3",
            "0,4",
            "0,5",
            "0,6",
            {"x":1},
            "4,0",
            "4,1",
            "4,2",
            "4,3",
            "4,4",
            "4,5",
            "4,6"],
            [{"c":"#cf6767"},"1,0",
            {"x":0.25,"c":"#cccccc","w":1.5},"1,1",
            "1,2",
            "1,3",
            "1,4",
            "1,5",
            "1,6",
            {"x":1},"5,0",
            "5,1",
            "5,2",
            "5,3",
            "5,4",
            {"c":"#777777","w":2.25},"5,5"],
            [{"c":"#cf6767"},"2,0",
            {"x":0.25,"c":"#cccccc","w":2},"2,1",
            "2,2",
            "2,3",
            "2,4",
            "2,5",
            "2,6",
            {"x":1},"6,0",
            "6,1",
            "6,2",
            "6,3",
            "6,4",
            {"w":1.25},"6,5"],
            [{"c":"#cf6767"},"3,0",
            {"x":0.5,"c":"#777777","w":1.25},"3,1",
            {"c":"#cccccc","w":1.25},"3,2",
            {"w":1.25},"3,3",
            {"c":"#777777","w":2.75},"3,5",
            {"x":1,"w":2.25},"7,0",
            {"c":"#cccccc"},"7,2",
            "7,3",
            "7,4",
            "7,5"
          ]
            
    ]
  }
}
